National Center for Education Statistics,
Expenses (in thousands) of private for-profit  postsecondary institutions using FASB standards,
,
Fiscal year,Expenses (in thousands)
2019,"15,430,014"
2018,"15,350,024"
2017,"17,981,171"
2016,"19,427,483"
2015,"22,202,088"
2014,"24,856,527"
2013,"26,264,237"
2012,"27,301,344"
2011,"27,271,612"
2010,"23,978,260"
2009,"19,847,651"
2008,"17,535,599"
2007,"15,547,961"
2006,"13,297,969"
2005,"11,659,124"
2004,"9,801,369"
2003,"8,248,774"
2002,"7,194,747"
,
"The combined expense functional categories of (1) research and public service, and (2) academic and institutional support and student services are reported by detailed categories and are not displayed beginning with fiscal year 2014",
"This table presents data collected from Title IV institutions in the United States. Prior to Fiscal year 2010, the data include only Title IV primarily postsecondary institutions.",
Amounts displayed are in current dollars.,
"SOURCE: U.S. Department of Education, National Center for Education Statistics, Integrated Postsecondary Education Data System (IPEDS), Finance component  final data (fiscal years 2002 - 2018) and provisional data (fiscal year 2019).",
Types of aid will not sum to students receiving any financial aid because students with more than one source of financial aid were counted for each type of aid they were awarded but were included only once in the any financial aid count.  Any financial aid can include Federal work study and other sources known to the institution.,
