National Center for Education Statistics
"Number of full-time, first-time students receiving financial aid"

Aid year,Number of students
2019-20,"2,251,808"
2018-19,"2,234,055"
2017-18,"2,227,576"
2016-17,"2,245,092"
2015-16,"2,221,978"
2014-15,"2,278,686"
2013-14,"2,322,078"
2012-13,"2,341,720"
2011-12,"2,445,878"
2010-11,"2,536,189"
2009-10,"2,713,619"
2008-09,"2,317,678"
2007-08,"2,222,747"
2006-07,"2,033,662"
2005-06,"2,025,042"
2004-05,"1,975,237"
2003-04,"1,901,393"
2002-03,"1,838,722"
2001-02,"1,737,303"

"This table presents data collected from Title IV institutions in the United States. Prior to 2009-10, the data include only Title IV primarily postsecondary institutions."
"SOURCE: U.S. Department of Education, National Center for Education Statistics, Integrated Postsecondary Education Data System (IPEDS), Student Financial Aid component final data (2001-02 - 2018-19) and provisional data (2019-20)."
"Prior to academic year 2010-11, the data represents students receiving aid, rather than students awarded aid. Students awarded aid include those who were awarded aid and accepted while student receiving aid include those who were awarded and disbursed aid"
