National Center for Education Statistics
Number of degrees/certificates awarded at postsecondary institutions

Completion Year,Number of degrees/certificates
2019-20,"5,132,514"
2018-19,"5,144,436"
2017-18,"5,020,910"
2016-17,"4,956,075"
2015-16,"4,892,308"
2014-15,"4,863,935"
2013-14,"4,832,282"
2012-13,"4,793,988"
2011-12,"4,782,571"
2010-11,"4,637,322"
2009-10,"4,336,631"
2008-09,"4,056,528"
2007-08,"3,882,397"
2006-07,"3,775,360"
2005-06,"3,689,764"
2004-05,"3,596,860"
2003-04,"3,477,476"
2002-03,"3,297,453"

"This table presents data collected from Title IV institutions in the United States. Prior to 2009-10, the data include only Title IV primarily postsecondary institutions."
"SOURCE: U.S. Department of Education, National Center for Education Statistics, Integrated Postsecondary Education Data System (IPEDS), Completions component final data (2001-02 - 2018-19) and provisional data (2019-20)."
