National Center for Education Statistics,
Revenues (in thousands) of private for-profit postsecondary institutions using FASB standards,
,
Fiscal year,Revenues (in thousands)
2019,"$17,370,969"
2018,"$16,762,091"
2017,"$19,446,618"
2016,"$20,804,128"
2015,"$24,007,022"
2014,"$27,310,167"
2013,"$29,643,714"
2012,"$32,196,111"
2011,"$33,889,758"
2010,"$29,603,059"
2009,"$23,433,890"
2008,"$20,006,524"
2007,"$17,623,604"
2006,"$15,985,493"
2005,"$14,245,253"
2004,"$11,812,470"
2003,"$9,954,657"
2002,"$8,664,743"
,
"This table presents data collected from Title IV institutions in the United States. Prior to Fiscal year 2010, the data include only Title IV primarily postsecondary institutions.",
Amounts displayed are in current dollars.,
Types of aid will not sum to students receiving any financial aid because students with more than one source of financial aid were counted for each type of aid they were awarded but were included only once in the any financial aid count.  Any financial aid can include Federal work study and other sources known to the institution.,
"SOURCE: U.S. Department of Education, National Center for Education Statistics, Integrated Postsecondary Education Data System (IPEDS), Finance component  final data (fiscal years 2002 - 2018) and provisional data (fiscal year 2019).",
